[
  {
    "id": "06d8d3a8-46c2-4aaa-aaab-ab336c472774",
    "data": [
      {
        "text": "can you tell me the capital of ",
        "userDefined": false
      },
      {
        "text": "New York",
        "alias": "state",
        "meta": "@state",
        "userDefined": false
      }
    ],
    "isTemplate": false,
    "count": 0,
    "updated": 1522265629
  },
  {
    "id": "01226966-2222-4833-b1aa-637431371f90",
    "data": [
      {
        "text": "Alabama",
        "alias": "state",
        "meta": "@state",
        "userDefined": true
      },
      {
        "text": " capital",
        "userDefined": false
      }
    ],
    "isTemplate": false,
    "count": 0,
    "updated": 1522265629
  },
  {
    "id": "d0db01ec-c3fc-4b49-99d7-a7857bca85d1",
    "data": [
      {
        "text": "cap of ",
        "userDefined": false
      },
      {
        "text": "Texas",
        "alias": "state",
        "meta": "@state",
        "userDefined": false
      }
    ],
    "isTemplate": false,
    "count": 0,
    "updated": 1522265510
  },
  {
    "id": "b0aa9942-6a5c-482f-bb2e-0b893825a027",
    "data": [
      {
        "text": "what is the capital of ",
        "userDefined": false
      },
      {
        "text": "Texas",
        "alias": "state",
        "meta": "@state",
        "userDefined": false
      },
      {
        "text": "?",
        "userDefined": false
      }
    ],
    "isTemplate": false,
    "count": 0,
    "updated": 1522265510
  },
  {
    "id": "5fa7233b-c16d-4fc1-b212-51bd834e1e27",
    "data": [
      {
        "text": "Capital of ",
        "userDefined": false
      },
      {
        "text": "Texas",
        "alias": "state",
        "meta": "@state",
        "userDefined": true
      }
    ],
    "isTemplate": false,
    "count": 0,
    "updated": 1522265510
  }
]