[
  {
    "value": "TX",
    "synonyms": [
      "TX",
      "texas",
      "Texas",
      "tx"
    ]
  },
  {
    "value": "NY",
    "synonyms": [
      "NY",
      "New York"
    ]
  },
  {
    "value": "CA",
    "synonyms": [
      "CA",
      "California"
    ]
  },
  {
    "value": "OK",
    "synonyms": [
      "OK",
      "Oklahoma",
      "Oaklahoma"
    ]
  },
  {
    "value": "AL",
    "synonyms": [
      "AL",
      "alabama"
    ]
  },
  {
    "value": "AK",
    "synonyms": [
      "AK",
      "alaska"
    ]
  },
  {
    "value": "AZ",
    "synonyms": [
      "AZ",
      "arizona",
      "aryzona",
      "ari zona"
    ]
  },
  {
    "value": "AR",
    "synonyms": [
      "AR",
      "arkansaw",
      "arkansas"
    ]
  },
  {
    "value": "CO",
    "synonyms": [
      "CO",
      "COLORADO"
    ]
  },
  {
    "value": "CT",
    "synonyms": [
      "CT",
      "CONNECTICUT"
    ]
  },
  {
    "value": "DE",
    "synonyms": [
      "DE",
      "DELAWARE",
      "DELAWEAR"
    ]
  },
  {
    "value": "FL",
    "synonyms": [
      "FL",
      "FLORIDA",
      "FLO RIDA"
    ]
  },
  {
    "value": "GA",
    "synonyms": [
      "GA",
      "GEORGIA"
    ]
  },
  {
    "value": "HI",
    "synonyms": [
      "HI",
      "HAWAII",
      "HAWAEE"
    ]
  },
  {
    "value": "ID",
    "synonyms": [
      "IDAHO",
      "ID",
      "IDA HO"
    ]
  },
  {
    "value": "IL",
    "synonyms": [
      "IL",
      "ILLINOIS",
      "ILLANOI"
    ]
  },
  {
    "value": "IN",
    "synonyms": [
      "IN",
      "INDIANA"
    ]
  },
  {
    "value": "IA",
    "synonyms": [
      "IA",
      "IOWA"
    ]
  },
  {
    "value": "KS",
    "synonyms": [
      "KS",
      "KANSA"
    ]
  },
  {
    "value": "KY",
    "synonyms": [
      "KY",
      "KENTUCKY"
    ]
  },
  {
    "value": "LA",
    "synonyms": [
      "LA",
      "LOUISIANA"
    ]
  },
  {
    "value": "ME",
    "synonyms": [
      "ME",
      "MAINE",
      "MAIN"
    ]
  },
  {
    "value": "MD",
    "synonyms": [
      "MD",
      "MARYLAND"
    ]
  },
  {
    "value": "MA",
    "synonyms": [
      "MA",
      "MASSACHUSETTS"
    ]
  },
  {
    "value": "MI",
    "synonyms": [
      "MI",
      "MICHIGAN"
    ]
  },
  {
    "value": "MN",
    "synonyms": [
      "MN",
      "MINNESOTA"
    ]
  },
  {
    "value": "MS",
    "synonyms": [
      "MS",
      "MISSISSIPPI"
    ]
  },
  {
    "value": "MO",
    "synonyms": [
      "MO",
      "MISSOURI"
    ]
  },
  {
    "value": "MT",
    "synonyms": [
      "MT",
      "MONTANA"
    ]
  },
  {
    "value": "NE",
    "synonyms": [
      "NE",
      "NEBRASKA"
    ]
  },
  {
    "value": "NV",
    "synonyms": [
      "NV",
      "NEVADA"
    ]
  },
  {
    "value": "NH",
    "synonyms": [
      "NH",
      "NEW HAMPSHIRE"
    ]
  },
  {
    "value": "NJ",
    "synonyms": [
      "NJ",
      "NEW JERSEY"
    ]
  },
  {
    "value": "NM",
    "synonyms": [
      "NM",
      "NEW MEXICO",
      "NEW MEHICO"
    ]
  },
  {
    "value": "NC",
    "synonyms": [
      "NC",
      "NORTH CAROLINA"
    ]
  },
  {
    "value": "ND",
    "synonyms": [
      "ND",
      "NORTH DAKOTA"
    ]
  },
  {
    "value": "OH",
    "synonyms": [
      "OH",
      "OHIO",
      "OH HI OH"
    ]
  },
  {
    "value": "OR",
    "synonyms": [
      "OR",
      "OREGON"
    ]
  },
  {
    "value": "PA",
    "synonyms": [
      "PA",
      "PENNSLYVANIA",
      "PENNY SLY VANIA"
    ]
  },
  {
    "value": "RI",
    "synonyms": [
      "RI",
      "RHODE ISLAND"
    ]
  },
  {
    "value": "SC",
    "synonyms": [
      "SC",
      "SOUTH CAROLINA"
    ]
  },
  {
    "value": "SD",
    "synonyms": [
      "SD",
      "SOUTH DAKOTA"
    ]
  },
  {
    "value": "TN",
    "synonyms": [
      "TN",
      "TENNESSEE",
      "TENNISEE"
    ]
  },
  {
    "value": "UT",
    "synonyms": [
      "UT",
      "UTAH"
    ]
  },
  {
    "value": "VT",
    "synonyms": [
      "VT",
      "VERMONT"
    ]
  },
  {
    "value": "VA",
    "synonyms": [
      "VA",
      "VIRGINIA"
    ]
  },
  {
    "value": "WA",
    "synonyms": [
      "WA",
      "WASHINGTON"
    ]
  },
  {
    "value": "WV",
    "synonyms": [
      "WV",
      "WEST VIRGINIA"
    ]
  },
  {
    "value": "WI",
    "synonyms": [
      "WI",
      "WISCONSIN"
    ]
  },
  {
    "value": "WY",
    "synonyms": [
      "WY",
      "WYOMING"
    ]
  }
]